{"loss": 0.1630963534116745, "ct_loss": 0.129924014210701, "pen_loss": 0.02917218767106533, "regularization_loss": 0.004000160843133926, "rot_deg": 0.0, "obj_center": [0, 0, 0], "obj_transl": [0.03717821929603815, 0.8663888734129428, 0.3713016912362804], "obj_length": [0.5012167896454308, 0.47293139405810825, 0.7426033824725607]}