{"loss": 0.1967632919549942, "ct_loss": 0.1622336059808731, "pen_loss": 0.010448209941387177, "regularization_loss": 0.024081483483314514, "rot_deg": 0.0, "obj_center": [0, 0, 0], "obj_transl": [0.03964051883667709, 0.9115239270031452, 0.4004195958424653], "obj_length": [0.4569313780001265, 0.46476796950365007, 0.8008391916849306]}