{"loss": 0.19302251935005188, "ct_loss": 0.1671072393655777, "pen_loss": 0.02495635487139225, "regularization_loss": 0.000958914402872324, "rot_deg": 0.0, "obj_center": [0, 0, 0], "obj_transl": [0.0297169363766443, 0.8698130354454194, 0.38940446226325776], "obj_length": [0.46391853244839565, 0.4926163543188816, 0.7788089245265155]}