{"loss": 0.1676691174507141, "ct_loss": 0.12949419021606445, "pen_loss": 0.01870352402329445, "regularization_loss": 0.01947139948606491, "rot_deg": 0.0, "obj_center": [0, 0, 0], "obj_transl": [0.027068493654951453, 0.9138697534799576, 0.42738982933026887], "obj_length": [0.4518584040770314, 0.5288889579541523, 0.8547796586605377]}