{"loss": 0.12712788581848145, "ct_loss": 0.09661626070737839, "pen_loss": 0.009074632078409195, "regularization_loss": 0.021436989307403564, "rot_deg": 0.0, "obj_center": [0, 0, 0], "obj_transl": [0.030624868348240852, 0.9121780917048454, 0.36830806989615833], "obj_length": [0.47589925316436577, 0.46256286626833976, 0.7366161397923167]}