{"loss": 0.19842229783535004, "ct_loss": 0.1685897260904312, "pen_loss": 0.020264774560928345, "regularization_loss": 0.009567801840603352, "rot_deg": 0.0, "obj_center": [0, 0, 0], "obj_transl": [0.033835917711257935, 0.9233468491584063, 0.4274350565265794], "obj_length": [0.4207186845544452, 0.4617801406812805, 0.8548701130531589]}