{"loss": 0.20265071094036102, "ct_loss": 0.16961923241615295, "pen_loss": 0.020169062539935112, "regularization_loss": 0.012862414121627808, "rot_deg": 0.0, "obj_center": [0, 0, 0], "obj_transl": [0.03512744605541229, 0.9200381767004728, 0.36450451660608185], "obj_length": [0.43078451448545807, 0.48067642695315316, 0.7290090332121637]}