{"loss": 0.17443209886550903, "ct_loss": 0.14258010685443878, "pen_loss": 0.031766269356012344, "regularization_loss": 8.572086517233402e-05, "rot_deg": 0.0, "obj_center": [0, 0, 0], "obj_transl": [0.028281632578000426, 0.8802435191450968, 0.3557436650150163], "obj_length": [0.46393316675043783, 0.46520309465904475, 0.7114873300300326]}