{"loss": 0.19502411782741547, "ct_loss": 0.16743052005767822, "pen_loss": 0.025478379800915718, "regularization_loss": 0.002115220995619893, "rot_deg": 0.0, "obj_center": [0, 0, 0], "obj_transl": [0.031094689620658755, 0.868829040609858, 0.3747654416853594], "obj_length": [0.5318452887032941, 0.46908225111105495, 0.7495308833707188]}