{"loss": 0.10024071484804153, "ct_loss": 0.07873144000768661, "pen_loss": 0.021115319803357124, "regularization_loss": 0.0003939600719604641, "rot_deg": 0.0, "obj_center": [0, 0, 0], "obj_transl": [0.0319039155729115, 0.8801049651045143, 0.3565387176729256], "obj_length": [0.4679207072160545, 0.49974793062752454, 0.7130774353458512]}