{"centroid": [-0.31079626083374023, -0.14431738853454595, 0.9075533449649812], "extents": [4.692024230957031, 5.856125831604004, 1.813323199748993], "grid_dim": 256}